"250180460","ADAMOWICE","95414", 50.129766, 18.332417
"254230010","ALEKSANDRÓWKA","91908", 50.870737, 22.443064
"250190430","ALWERNIA","95506", 50.055061, 19.539949
"250210030","ANNOPOL","95751", 50.892326, 21.855509
"249199978","ANTAŁÓWKA"," 6522", 49.296291, 19.970142
"253229988","AUGUSTÓW","92838", 53.850664, 22.974454
"252189994","BABIAK","93420"
"253210080","BABIĘTA","92730"
"252159995","BABIMOST"," 3150"
"252150270","BABIMOST"," 3152"
"252150270","BABIMOST","93152"
"250170410","BABORÓW","95418"
"252179996","BACHORZEW","93301"
"253220260","BACIUTY","92803"
"253220350","BACZE SUCHE","92854"
"254220080","BAKAŁARZEWO","91804"
"250209983","BALICE","95632"
"249220170","BALIGRÓD-MCHAWA"," 6808"
"253199991","BAŁOSZYCE","92532"
"254220060","BANIE MAZURSKIE","91813"
"249190620","BAŃSKA WYŻNA","96510"
"251189997","BARANÓW","94412"
"250210150","BARANÓW SANDOMIERSKI","95733"
"250210070","BARANÓWEK","95754"
"254210010","BARCIANY","91708"
"252179999","BARCIN","93355"
"250160410","BARDO ŚLĄSKIE","95223"
"253159992","BARLINEK","92101"
"253229994","BARSZCZOWA GÓRA","92843"
"250200010","BARTKÓW","95653"
"249210170","BARTNE","96717"
"251210090","BARTODZIEJE","94723"
"254200040","BARTOSZYCE","91613"
"252190080","BARUCHOWO","93524"
"253160050","BARWICE","92226"
"249210240","BARWINEK"," 6708"
"251210270","BASINÓW","94744"
"250229988","BATORZ","95844"
"253190290","BĄGART","92555"
"254180120","BĄKOWO","91419"
"250180010","BĄKÓW","95484"
"250209976","BELINA","95654"
"251190110","BEŁCHATÓW","94555"
"251199995","BEŁCHATÓW"," 4505"
"250239995","BEŁŻEC","95908"
"249209976","BEREST","96619"
"249219988","BESKO","96720"
"251230120","BEZEK"," 4902"
"254219997","BEZŁAWKI-WILKOWO","91702"
"253219994","BĘSIA"," 2751"
"252169989","BIAŁA NAD NOTECIĄ","93250"
"251189992","BIAŁA NAD WARTĄ","94413"
"253229990","BIAŁA PISKA","92825"
"252239995","BIAŁA PODLASKA"," 3903"
"251209995","BIAŁA RAWSKA","94636"
"252140180","BIAŁCZYK","93053"
"249200450","BIAŁKA TATRZAŃSKA","96610"
"251200080","BIAŁOBRZEGI","94630"
"253220040","BIAŁOBRZEGI","92832"
"254159998","BIAŁOGARD"," 1101"
"253179993","BIAŁOŚLIWIE","92304"
"252230120","BIAŁOWIEŻA"," 3902"
"353230295","BIAŁYSTOK","  295"
"253220070","BIEBRZA-PIEŃCZYKÓWEK"," 2802"
"249210070","BIECZ-GRUDNA"," 6702"
"250170350","BIELICE","95309"
"252149998","BIELINEK","93024"
"250200060","BIELINY KAPITULNE","95646"
"252239998","BIELSK PODLASKI"," 3901"
"349190600","BIELSKO-BIAŁA","  600"
"249199993","BIEŃKÓWKA","96557"
"251150320","BIERNA","94107"
"250190380","BIERUŃ STARY"," 5508"
"251170270","BIERUTÓW","94306"
"250170020","BIESTRZYKOWICE","95357"
"252199990","BIEŻUŃ","93541"
"250229990","BIŁGORAJ"," 5803"
"253140080","BINOWO","92015"
"249220060","BIRCZA"," 6803"
"253190130","BISKUPIEC","92522"
"253200030","BISKUPIEC","92652"
"253209997","BISKUPIEC"," 2601"
"252159994","BLEDZEW","93127"
"251160010","BŁOTNICA","93201"
"254169997","BOBIĘCINO","91201"
"251150010","BOBROWICE","94164"
"252179998","BOBROWNIKI"," 3301"
"252170050","BOBROWNIKI","93367"
"251190180","BOBRY","94502"
"249209999","BOCHNIA"," 6601"
"252140120","BOCZÓW","93006"
"252230140","BOĆKI","93910"
"250200040","BODZENTYN"," 5601"
"250140030","BOGATYNIA"," 5001"
"250149999","BOGATYNIA","95050"
"249190170","BOGDANÓWKA","96555"
"251210050","BOGLEWICE","94732"
"250219978","BOGORIA","95738"
"252199994","BOGUCIN"," 3502"
"250219999","BOGUSŁAWICE"," 5702"
"250210060","BOGUSŁAWICE","95764"
"250160190","BOGUSZÓW-GORCE","95252"
"251169992","BOJANOWO","94240"
"253200110","BOLEJNY","92623"
"250199992","BOLESŁAW","95522"
"250160050","BOLESŁAWICE","95264"
"250160610","BOLESŁAWÓW"," 5252"
"252140070","BOLESZKOWICE","93014"
"252169988","BOLEWICKO","93257"
"250160030","BOLKÓW","95267"
"252230030","BONDARY"," 3951"
"250190150","BONOWICE","95580"
"252200080","BORKOWO","93661"
"254200050","BORNITY","91651"
"251150040","BOROWIEC","94156"
"253170010","BOROWY MŁYN","92360"
"250160070","BORÓW","95348"
"250189987","BORUCIN","95401"
"254170110","BORUCINO","91353"
"254170210","BORUCINO"," 1351"
"250200230","BORUSOWA"," 5606"
"250189981","BORYNIA","95403"
"250200290","BORZĘCIN","95605"
"253180010","BOŻEPOLE SZLACHECKIE","92447"
"250170430","BRANICE","95303"
"254190040","BRANIEWO","91522"
"252220050","BRAŃSK","93832"
"251190010","BRATOSZEWICE","94547"
"249189994","BRENNA","96433"
"249180160","BRENNA"," 6451"
"249180190","BRENNA-LEŚNICA","96450"
"252160220","BRODNICA","93215"
"253190210","BRODNICA N/DRWĘCĄ","92512"
"252169997","BRODY","93235"
"251210240","BRODY IŁŻECKIE","94703"
"253180050","BRODY POMORSKIE","92451"
"251140030","BROŻEK (ZASIEKI)","94007"
"253190330","BRUDNICE","92558"
"250180180","BRUSIEK","95460"
"254160010","BRUSKOWO MAŁE","91252"
"254169999","BRUSKOWO WIELKIE","91251"
"251239993","BRUSS STARY","94916"
"252200190","BRWINÓW","93657"
"252209995","BRWINÓW"," 3608"
"250180250","BRYNICA","95544"
"250170050","BRZEG","95347"
"251160230","BRZEG DOLNY","94219"
"249229993","BRZEGI DOLNE"," 6806"
"249220130","BRZEGI DOLNE","96851"
"252189987","BRZEŚĆ KUJAWSKI","93436"
"251170170","BRZEZIE","94320"
"249210020","BRZEZINY","96739"
"253150240","BRZEŹNIAK","92155"
"249190020","BRZEŹNICA","96576"
"250219987","BRZEŹNICA N/WISŁOKĄ","95710"
"249219997","BRZOSTEK","96737"
"253190190","BRZOZIE","92514"
"249229994","BRZOZÓW","96828"
"251219990","BRZÓZA","94726"
"253190350","BRZUZE","92560"
"251159984","BUCHAŁÓW","94160"
"253179987","BUCZEK MAŁY","92327"
"251150120","BUCZYNA","94142"
"253190010","BUCZYNIEC","92546"
"253190340","BUCZYNIEC","92559"
"252159996","BUDACHÓW","93150"
"250219992","BUDY TUSZOWSKIE","95725"
"251169997","BUDZISZÓW MAŁY","94209"
"251160270","BUDZISZÓW WIELKI","94208"
"249220020","BUDZIWÓJ","96842"
"249199994","BUDZÓW","96560"
"249220360","BUKOWIEC","96856"
"254170070","BUKOWINA","91328"
"249200480","BUKOWINA TATRZAŃSKA"," 6626"
"250150260","BUKÓWKA","95102"
"251209996","BUKÓWNO","94626"
"253220160","BURZYN","92813"
"353170240","BYDGOSZCZ","  240"
"253180220","BYDGOSZCZ"," 2450"
"253170260","BYDGOSZCZ-SZWEDEROWO"," 2351"
"253170260","BYDGOSZCZ-SZWEDEROWO","92367"
"250160550","BYSTRZYCA KŁODZKA","95279"
"250169985","BYSTRZYCA KŁODZKA"," 5209"
"253190320","BYSZWAŁD","92557"
"250189975","BYTOM","95439"
"251159989","BYTOM ODRZAŃSKI","94150"
"251150060","CEBER"," 4201"
"251160330","CEBER-KOZIE DOŁY"," 4252"
"254179993","CECENOWO"," 1301"
"251189991","CEKÓW","94441"
"251210280","CELEJÓW","94750"
"252210230","CELESTYNÓW","93772"
"249180030","CHAŁUPKI","96424"
"250199995","CHECHŁO","95533"
"251230140","CHEŁM","94907"
"250160290","CHEŁMSKO ŚLĄSKIE","95237"
"251170190","CHEŁSTÓW","94317"
"251200170","CHEŁSTY","94611"
"250209995","CHMIELNIK","95635"
"250219994","CHMIELÓW"," 5707"
"251169993","CHOBIENIA","94230"
"251150150","CHOCIANÓW","94136"
"250160430","CHOCIESZÓW","95220"
"251170020","CHOCZ","94347"
"252190110","CHODECZ","93520"
"251220170","CHODEL","94807"
"253169991","CHODZIEŻ","92256"
"252140010","CHOJNA","93026"
"353170235","CHOJNICE","  235"
"251150190","CHOJNÓW","94129"
"253159993","CHOMĘTOWO"," 2101"
"253200180","CHORZELE","92611"
"250210180","CHORZELÓW"," 5708"
"250189984","CHORZÓW-MIASTO","95433"
"253150180","CHOSZCZNO","92108"
"252230090","CHRABOŁY","93952"
"250200190","CHROBERZ","95624"
"252180010","CHROŚNA","92401"
"250150010","CHROŚNICA","95135"
"250190370","CHRZANÓW","95510"
"250189972","CHRZĄSTOWICE","95465"
"253170210","CHRZĄSTOWO"," 2303"
"251160170","CHWAŁKOWICE"," 4250"
"249190590","CHYŻNE","96512"
"252179988","CIĄŻEŃ","93315"
"252230190","CICIBÓR"," 3950"
"250150130","CIECHANOWICE","95122"
"252220060","CIECHANOWIEC","93829"
"252209986","CIECHANÓW","93650"
"252189999","CIECHOCINEK"," 3401"
"253179990","CIECHOLEWY","92351"
"249210110","CIEKLIN","96722"
"252200070","CIEKSYN","93639"
"250190040","CIELĘTNIKI","95574"
"253229991","CIEMNOSZYJE","92824"
"251210150","CIEPIELÓW","94714"
"250220160","CIEPLICE","95813"
"250159998","CIEPLICE ŚLĄSKIE-ZDRÓJ"," 5102"
"253210240","CIERPIĘTA","92706"
"250230160","CIESZANÓW"," 5951"
"250239989","CIESZANÓW","95904"
"249180550","CIESZYN"," 6452"
"249180130","CIESZYN"," 6403"
"249209992","CIĘŻKOWICE"," 6603"
"250190320","CIĘŻKOWICE","95516"
"251160070","CIOŁKOWO","94241"
"249220250","CISNA","96805"
"251180220","CISOWA","94405"
"250200110","CISÓW","95658"
"252140130","CYBINKA","93004"
"250199986","CYKARZEW","95576"
"253169995","CZAPLINEK","92220"
"250219984","CZARNA","95705"
"254179996","CZARNA DĄBRÓWKA"," 1304"
"251210310","CZARNA KOLONIA","94752"
"253180060","CZARNA WODA","92438"
"250190050","CZARNCA","95572"
"253169996","CZARNE","92224"
"250170170","CZARNOLAS","95329"
"252210020","CZARNOWO","93776"
"252200250","CZARNÓW-TOWARZYSTWO","93664"
"249199984","CZARNY DUNAJEC"," 6519"
"251179995","CZARNY LAS","94324"
"251179991","CZARNY SAD","94351"
"251180120","CZARTORYJA","94424"
"251179998","CZATKOWICE","94325"
"249209993","CZCHÓW","96647"
"250189991","CZEKANÓW"," 5406"
"250190270","CZELADŹ","95530"
"251220060","CZEMIERNIKI","94829"
"252170140","CZERNIEJEWO","93327"
"252170380","CZERNIEJEWO II","93372"
"252180030","CZERNIKOWO","93452"
"253179983","CZERSK","92352"
"251160020","CZERWONA WIEŚ","94253"
"251229997","CZESŁAWICE"," 4804"
"251220140","CZESŁAWICE","94852"
"350190550","CZĘSTOCHOWA","  550"
"252219991","CZŁEKÓWKA","93706"
"253160170","CZŁOPA","92203"
"253170080","CZŁUCHÓW","92343"
"249209978","CZORSZTYN-NADZAMCZE"," 6622"
"252220040","CZYŻEW","93834"
"250209998","DALESZYCE","95643"
"251200060","DAŃKÓW","94656"
"254160020","DARŁOWO"," 1201"
"253150120","DARŻ","92154"
"252180250","DĄBIE","93405"
"252179995","DĄBROWA","93347"
"253239984","DĄBROWA BIAŁOSTOCKA","92930"
"250200270","DĄBROWA TARNOWSKA","95612"
"250200360","DĄBROWA TARNOWSKA","95664"
"253140240","DĄBROWICA","92055"
"253179986","DĄBRÓWKA","92337"
"250170550","DĄBRÓWKA GÓRNA","95362"
"251200270","DĄBRÓWKA STARA"," 4611"
"251200270","DĄBRÓWKA STARA","94660"
"252210190","DĘBE WIELKIE","93722"
"250219990","DĘBICA"," 5711"
"250219983","DĘBICA","95704"
"250180050","DĘBINIEC","95479"
"251210080","DĘBLIN","94724"
"249200340","DĘBNO","96661"
"249209972","DĘBNO"," 6635"
"252189992","DĘBOWICE","93411"
"253220080","DĘBOWO","92826"
"252180190","DĘBY SZLACHECKIE","93417"
"251159998","DŁUGIE","94146"
"254190110","DŁUGOBÓR","91610"
"250160590","DŁUGOPOLE-ZDRÓJ"," 5211"
"249200070","DOBCZYCE"," 6651"
"252150020","DOBIEGNIEW","93142"
"251180030","DOBRA","94443"
"253159997","DOBRA","92126"
"249209989","DOBRA","96637"
"252189996","DOBRE","93440"
"253190030","DOBROCIN"," 2502"
"250180110","DOBRODZIEŃ","95471"
"250170110","DOBROGOSZCZ"," 5302"
"250160040","DOBROMIERZ","95268"
"254199996","DOBRY","91509"
"253210220","DOBRYLAS","92710"
"253210280","DOBRYLAS","92753"
"251190150","DOBRYSZYCE","94508"
"251200040","DOLECK","94638"
"253159991","DOLICE","92110"
"249199974","DOLINA CHOCHOŁOWSKA","96505"
"249200550","DOLINA PIĘCIU STAWÓW"," 6633"
"251170010","DOLSK","94346"
"252220190","DOMANICE","93801"
"254200130","DOMARADY","91620"
"251230150","DOROHUSK","94908"
"253209990","DOZINY","92601"
"253230180","DRAHLE","92935"
"253150170","DRAWNO","92152"
"253150110","DRAWSKO POMORSKIE","92124"
"252150070","DREZDENKO","93138"
"250180140","DRONIOWICE","95469"
"250180580","DRONIOWICE"," 5454"
"251200020","DROZDY","94644"
"252160310","DRUŻYNA POZNAŃSKA","93295"
"253220050","DRYGAŁY","92828"
"251199996","DRZEWOCINY","94526"
"254220040","DUBENINKI","91816"
"251230210","DUBICA GÓRNA","94953"
"251239998","DUBIENKA","94904"
"254229997","DUBOWO","91803"
"249210140","DUKLA"," 6705"
"252190070","DUNINÓW","93526"
"250169994","DUSZNIKI-ZDRÓJ"," 5206"
"249220260","DWERNIK","96806"
"250160340","DWORKI","95232"
"254150010","DYGOWO","91150"
"249220040","DYNÓW"," 6802"
"253210330","DZBENIN","92754"
"252229991","DZIADKOWICE","93824"
"253200190","DZIAŁDOWO","92609"
"251180210","DZIAŁOSZYN","94407"
"253190090","DZIARNY","92554"
"250190350","DZIEĆKOWICE","95512"
"253190020","DZIERZGOŃ","92543"
"252169994","DZIERŻĄŻNO WIELKIE","93255"
"250160260","DZIERŻONIÓW","95248"
"250170290","DZIEWIĘTLICE","95318"
"254140010","DZIWNÓW"," 1001"
"254190190","ELBLĄG"," 1508"
"354190160","ELBLĄG-MILEJEWO","  160"
"253229998","ELŻBIECIN","92851"
"253220030","EŁK","92834"
"253180180","FALĘCIN","92413"
"251209991","FAŁKÓW","94608"
"252200140","FAMUŁKI BROCHOWSKIE","93626"
"253230110","FASTY","92911"
"251229996","FELIN"," 4806"
"250220080","FRAMPOL","95835"
"254209999","FRANKNOWO","91602"
"253180080","FRĄCA","92433"
"253209984","FRĄCZKI","92642"
"253200120","FRĄKNOWO","92651"
"254190050","FROMBORK"," 1505"
"254199999","FROMBORK","91528"
"249219990","FRYSZTAK","96733"
"250230130","FUTORY","95903"
"251210170","GADKA","94707"
"250160380","GAJÓW","95282"
"254200060","GALINY","91608"
"251219991","GARBATKA","94722"
"251230090","GARBATÓWKA","94913"
"253180110","GARDEJA","92429"
"250219982","GAWŁUSZOWICE","95726"
"251150090","GAWORZYCE","94145"
"252199991","GĄBIN","93521"
"354180140","GDAŃSK-PORT PÓŁNOCNY","  140"
"254180090","GDAŃSK-RĘBIECHOWO"," 1407"
"354180150","GDAŃSK-RĘBIECHOWO","  150"
"254180110","GDAŃSK-ŚWIBNO"," 1404"
"354180155","GDAŃSK-ŚWIBNO","  155"
"254189999","GDAŃSK-WRZESZCZ"," 1408"
"249209996","GDÓW","96652"
"254180060","GDYNIA"," 1402"
"254180230","GDYNIA DĄBROWA","91455"
"254180220","GDYNIA OKSYWIE","91454"
"252180130","GĘBICE","93437"
"249190040","GIERAŁTOWICE","96572"
"250150070","GIERCZYN","95126"
"253200040","GIETRZWAŁD","92635"
"249199991","GILOWICE","96549"
"253199999","GIRGAJNY","92540"
"253220010","GIŻE","91801"
"254219999","GIŻYCKO"," 1702"
"252150030","GIŻYN","93141"
"253149993","GIŻYN K/SZCZECINA","92012"
"249219992","GLINIK MARIAMPOLSKI","96750"
"250189986","GLIWICE","95432"
"252170360","GŁĘBOCKO","93370"
"252180090","GŁĘBOKIE","93459"
"252189985","GŁĘBOKIE"," 3404"
"252190030","GŁODOWO"," 3501"
"251160080","GŁOGÓW","94236"
"250170310","GŁOGÓWEK","95313"
"254210030","GŁOWBITY","91707"
"250170390","GŁUBCZYCE"," 5309"
"250170330","GŁUCHOŁAZY"," 5308"
"251209987","GŁUCHÓW","94635"
"250209975","GŁUCHÓW","95659"
"250169990","GŁUSZYCA","95241"
"250169999","GNIECHOWICE","95275"
"253189997","GNIEW","92440"
"252170110","GNIEZNO"," 3303"
"249200060","GNOJNIK","96665"
"249180050","GOCZAŁKOWICE-ZDRÓJ","96426"
"250190260","GOLCZOWICE","95534"
"250179997","GOLCZOWICE OPOLSKIE","95342"
"253140060","GOLENIÓW"," 2004"
"253140070","GOLENIÓW","92021"
"249189986","GOLESZÓW","96412"
"252170020","GOŁAŃCZ","93357"
"254220030","GOŁDAP"," 1801"
"249180060","GOŁKOWICE","96452"
"252200040","GOŁOTCZYZNA","93644"
"254180130","GORĘCZYNO","91453"
"249210090","GORLICE","96723"
"251199982","GORZKOWICE","94512"
"250239991","GORZKÓW","95932"
"352150300","GORZÓW WIELKOPOLSKI","  300"
"252150120","GORZYŃ"," 3101"
"250160110","GOSTKÓW","95261"
"253160160","GOSTOMIA","92206"
"252190090","GOSTYNIN","93522"
"250170760","GOŚCIEJOWICE","95365"
"252150080","GOŚCIM","93136"
"250170190","GOWOROWICE","95328"
"252140060","GOZDOWICE","93015"
"251160090","GÓRA","94238"
"251210010","GÓRA KALWARIA","94739"
"250189993","GÓRA ŚW.ANNY"," 5403"
"253239989","GÓRANY","92914"
"249180140","GÓRKI WIELKIE","96413"
"252179983","GÓRKI ZAGAJNE","93363"
"254200030","GÓROWO IŁAWECKIE","91614"
"251150080","GRABIK"," 4101"
"251159992","GRABISZYCE GÓRNE","94101"
"251219996","GRABOWIEC"," 4707"
"250239999","GRABOWIEC","95926"
"251210210","GRABOWIEC","94743"
"249229987","GRABOWNICA"," 6804"
"251170150","GRABOWNICA"," 4303"
"253229999","GRAJEWO","92827"
"253210320","GRĄDY PODMIEJSKIE","92750"
"250219996","GRĘBÓW","95736"
"249209973","GRODKOWICE","96656"
"250170140","GRODKÓW"," 5303"
"252189993","GRODZIEC","93402"
"250180130","GRODZIEC","95468"
"252220070","GRODZISK","93826"
"252169991","GRODZISK WIELKOPOLSKI","93220"
"250220170","GRODZISKO DOLNE","95808"
"253230130","GRÓDEK","92908"
"252200090","GRÓDKOWO","93631"
"253200220","GRUDUSK","92603"
"253180150","GRUDZIĄDZ"," 2403"
"252170130","GRUSZCZYN","93326"
"249209988","GRUSZOWIEC","96634"
"249200230","GRYBÓW","96628"
"253140110","GRYFINO","92014"
"251150340","GRYFÓW ŚLĄSKI","94110"
"251159985","GRYŻYCE","94147"
"252150210","GRYŻYNA","93110"
"252160140","GRZEBIENISKO","93231"
"250169987","GRZĘDY","95251"
"253160040","GRZMIĄCA","92230"
"254160090","GRZYBNICA","91202"
"249199979","GUBAŁÓWKA"," 6521"
"249190650","GUBAŁÓWKA","96578"
"251140010","GUBIN","94011"
"252210010","GUTY DUŻE","93764"
"253170050","GWIEŹDZIN","92347"
"249219991","HACZÓW","96725"
"252230110","HAJNÓWKA","93913"
"249200540","HALA GĄSIENICOWA"," 6632"
"349200628","HALA GĄSIENICOWA","  628"
"249199972","HALA LIPOWSKA","96517"
"249190680","HALA ORNAK"," 6526"
"250189976","HALEMBA","95427"
"251230080","HAŃSK","94915"
"249190510","HARKABUZ","96519"
"354180135","HEL","  135"
"250189971","HERBY NOWE","95472"
"253239996","HOŁODOLINA","92926"
"254189998","HOPOWO"," 1405"
"250239990","HORYNIEC"," 5950"
"250239997","HRUBIESZÓW","95924"
"251239995","HRUSZÓW","94905"
"249220030","HUCISKO JAWORNICKIE","96838"
"249229999","HUSÓW","96844"
"249200350","HUTA","96615"
"250190130","HUTKI","95561"
"250200280","IGOŁOMIA"," 5608"
"253199997","IŁAWA","92528"
"251159995","IŁOWA","94139"
"252200130","IŁÓW","93627"
"251210160","IŁŻA","94709"
"250160020","IMBRAMOWICE","95272"
"252189998","INOWROCŁAW"," 3402"
"249190090","INWAŁD"," 6503"
"253150140","IŃSKO","92120"
"249180560","ISTEBNA","96455"
"249180260","ISTEBNA-KUBALONKA"," 6408"
"249180270","ISTEBNA-MŁODA GÓRA","96403"
"249180280","ISTEBNA-STECÓWKA","96404"
"249180290","ISTEBNA-WIEŚ","96402"
"249189989","ISTEBNA-ZAOLZIE"," 6406"
"251180080","IWANOWICE","94429"
"250199991","IWANOWICE","95517"
"251150230","IWINY","94124"
"249209994","IWKOWA","96646"
"249210150","IWONICZ-ZDRÓJ"," 6706", 49.569189, 21.784847
"254170180","IZBICA","91355"
"252180160","IZBICA KUJAWSKA","93429"
"249229985","IZDEBKI","96832"
"249190560","JABŁONKA"," 6518"
"252180180","JABŁONKA","93423"
"252160190","JABŁONNA","93219"
"252209989","JABŁONNA","93629"
"253199996","JABŁONOWO","92518"
"253220270","JABŁONOWO-WYPYCHY"," 2856"
"250209987","JADOWNIKI MOKRE","95611"
"250150180","JAGNIĄTKÓW","95114"
"252180040","JAKSICE","93448"
"252180330","JAKSICE II","93462"
"250179995","JAKUBOWICE","95301"
"250200260","JAKUBOWICE","95613"
"250150170","JAKUSZYCE"," 5150"
"250159999","JAKUSZYCE","95113"
"253230060","JAŁÓWKA","92951"
"250150040","JANICE","95132"
"251169990","JANISZEWO","94244"
"250199975","JANKOWICE","95578"
"252170060","JANOWIEC WIELKOPOLSKI","93348"
"253230030","JANÓW","92923"
"250220070","JANÓW LUBELSKI","95838"
"250190010","JANUSZEWICE","95577"
"251210040","JARCZEW"," 4702"
"250150230","JARKOWICE","95103"
"252220140","JARNICE","93854"
"250170340","JARNOŁTÓWEK","95311"
"252219985","JARNUTY","93767"
"250220120","JAROCIN"," 5802"
"250220210","JAROSŁAW","95801"
"251190230","JAROSTY","94556"
"249200170","JASIENNA","96639"
"249200250","JASIONÓW","96623"
"249210080","JASŁO","96756"
"249219995","JASŁO","96729"
"254180030","JASTARNIA","91433"
"253160110","JASTROWIE","92214"
"249200130","JASTRZĘBIA"," 6650"
"249189998","JASTRZĘBIE"," 6450"
"249189997","JASTRZĘBIE","96451"
"249189996","JASTRZĘBIE-ZDRÓJ"," 6401"
"253230010","JASTRZĘBNA PIERWSZA","92950"
"250210090","JASTRZĘBSKA WOLA","95762"
"251180240","JASTRZYGOWICE","94401"
"253190050","JAŚKOWO","92537"
"249210250","JAŚLISKA","96707"
"249190010","JAWISZOWICE","96575"
"251160290","JAWOR","94205"
"249200440","JAWORZYNA KRYNICKA","96666"
"249209975","JAZOWSKO","96622"
"251229994","JEDLANKA","94840"
"249219985","JEDLICZE","96728"
"250160220","JEDLINA-ZDRÓJ","95247"
"253210250","JEDNOROŻEC","92705"
"251170320","JELCZ-LASKOWICE"," 4350"
"350150500","JELENIA GÓRA","  500"
"253200080","JEMIOŁOWO","92626"
"253190060","JERZWAŁD","92536"
"252180350","JEZIORKI","93464"
"253170020","JEZIORNA","92359"
"252169996","JEZIORY"," 3205"
"251190040","JEŻÓW","94552"
"254160040","JEŻYCZKI","91218"
"250209978","JĘDRZEJÓW","95636"
"250200340","JĘDRZEJÓW-SUDÓŁ"," 5664"
"250230170","JĘDRZEJÓWKA","95934"
"250229982","JOANIN","95846"
"249219998","JODŁOWA","96736"
"250160720","JODŁOWNIK","95284"
"249200110","JODŁOWNIK"," 6602"
"249190250","JORDANÓW","96539"
"250230060","JÓZEFÓW","95911"
"253239993","JUCHNOWIEC DOLNY","92902"
"253169986","JUCHOWO","92252"
"254200020","JUDYTY","91616"
"250169996","JUGÓW","95233"
"250150110","KACZORÓW","95125"
"249180110","KACZYCE","96418"
"250180160","KADŁUB-PIEC","95462"
"253210230","KADZIDŁO","92708"
"253180140","KALISKA","92423"
"351180435","KALISZ","  435"
"249220270","KALNICA","96853"
"249190110","KALWARIA ZEBRZYDOWSKA","96567"
"249190810","KALWARIA ZEBRZYDOWSKA","96599"
"249190380","KAMESZNICA","96532"
"249209990","KAMIENICA"," 6610"
"250160620","KAMIENICA","95276"
"253170140","KAMIENICA","92329"
"250160390","KAMIENIEC ZĄBKOWICKI","95224"
"253150230","KAMIENNA","92104"
"250160150","KAMIENNA GÓRA","95254"
"253170120","KAMIEŃ KRAJEŃSKI","92334"
"253149996","KAMIEŃ POMORSKI"," 2001"
"253230040","KAMIONKA","92922"
"251230130","KANIE","94906"
"251140020","KANIÓW","94010"
"249220010","KAŃCZUGA","96845"
"252150230","KARGOWA","93104"
"250180020","KARMONKI NOWE","95483"
"250150220","KARPACZ"," 5105"
"254170150","KARPNO","91308"
"253149990","KARSIBÓR","92029"
"253160120","KARSIBÓR","92211"
"253160230","KARSIBÓR II","92259"
"253140020","KARTLEWO","92026"
"254189996","KARTUZY","91421"
"254170040","KARŻNICZKA"," 1302"
"253180240","KASPARUS"," 2406"
"349190650","KASPROWY WIERCH","  650"
"254200070","KASZUNY","91606"
"250190530","KATOWICE PYRZOWICE"," 5550"
"350190560","KATOWICE-MUCHOWIEC","  560"
"252209996","KAWĘCZYN"," 3607"
"252200180","KAWĘCZYN","93660"
"251219998","KAZIMIERZ DOLNY","94716"
"250200240","KAZIMIERZA MAŁA","95617"
"254190210","KĄTY RYBACKIE","91529"
"251160310","KĄTY WROCŁAWSKIE","94204"
"250180620","KĘDZIERZYN-KOŹLE"," 5455"
"251220190","KĘPA","94805"
"250190190","KĘPIE","95545"
"251189998","KĘPNO","94414"
"354210185","KĘTRZYN","  185"
"249190070","KĘTY","96568"
"350200570","KIELCE-SUKÓW","  570"
"251180170","KIEŁCZYGŁÓW","94452"
"250180530","KIETRZ","95411"
"253200010","KIKITY","92647"
"253200240","KIKITY II","92655"
"253199993","KISIELICE","92529"
"252230070","KLEJNIKI","93916"
"252230150","KLESZCZELE","93907"
"252170280","KLĘKA","93306"
"249199973","KLIKUSZOWA","96516"
"250210120","KLIMONTÓW","95739"
"250200130","KLISZÓW","95634"
"253179991","KLONOWO","92326"
"253160060","KLUCZEWO","92223"
"254170170","KLUKI","91354"
"254179994","KLUKOWA HUTA","91319"
"250180040","KŁOBUCK","95482"
"253169987","KŁODA","92251"
"252180210","KŁODAWA","93415"
"350160520","KŁODZKO","  520"
"251169987","KŁONICE","94201"
"254190120","KMIECIN"," 1503"
"250180550","KOBIÓR","95410"
"250189998","KOBYLNO","95475"
"250190060","KOBYŁCZYCE","95582"
"250180120","KOCHCICE"," 5453"
"249190180","KOCIERZ MOSZCZANICKI","96552"
"251229995","KOCK","94827"
"251230010","KODEŃ","94927"
"250219988","KOLBUSZOWA"," 5709"
"250210220","KOLBUSZOWA","95761"
"253219999","KOLNO","92716"
"252200280","KOLONIA KAWĘCZYN","93667"
"251230170","KOLONIA ZAKRĘCIE","94950"
"352180345","KOŁO","  345"
"354150100","KOŁOBRZEG-DŹWIRZYNO","  100"
"252189997","KOŁODZIEJEWO","93441"
"252180080","KOŁUDA WIELKA"," 3403"
"249220180","KOMAŃCZA"," 6809"
"250159994","KOMARNO","95128"
"252210040","KOMOROWO","93773"
"249189993","KONIAKÓW","96401"
"250190070","KONIECPOL","95570"
"250200090","KONIECZNO","95642"
"252180220","KONIN","93413"
"252160210","KONOJAD","93214"
"253189992","KOŃCZEWICE"," 2404"
"251200180","KOŃSKIE","94610"
"250150120","KOPANIEC","95123"
"250200150","KOPERNIA","95630"
"253179998","KOPERNICA","92361"
"250170730","KOPICE","95363"
"249190440","KORBIELÓW","96523"
"250170240","KORFANTÓW"," 5304"
"250170750","KORFANTÓW II"," 5352"
"253170170","KORONOWO","92319"
"251180370","KORZEKWIN","94455"
"253180070","KORZENIEWO","92435"
"254169995","KORZYBIE","91217"
"252140140","KOSARZYN","93001"
"253170040","KOSOBUDY","92354"
"253190170","KOSTKOWO","92517"
"252170160","KOSTRZYN","93324"
"252140090","KOSTRZYN NAD ODRĄ","93010"
"354160105","KOSZALIN","  105"
"254169998","KOSZALIN-ZEGRZE"," 1204"
"249190340","KOSZARAWA","96537"
"249190930","KOSZARAWA-ŻŁABNE","98505"
"252160240","KOŚCIAN","93211"
"252160340","KOŚCIAN II","93259"
"249190660","KOŚCIELISKO-KIRY","96507"
"251150140","KOŚCIELNA WIEŚ","94135"
"251189994","KOŚCIERZYN"," 4450"
"254170140","KOŚCIERZYNA"," 1305"
"254170260","KOŚCIERZYNA"," 1353"
"251209986","KOŚMIN","94639"
"252169993","KOTUSZ","93210"
"254220070","KOWALE OLECKIE","91807"
"253180230","KOWALEWO","92408"
"249200310","KOWANIEC","96617"
"250150190","KOWARY","95112"
"251210070","KOZICE (ŻYCZYN)","94729"
"351210488","KOZIENICE","  488"
"250180320","KOŹLE","95437"
"249200030","KOŹMICE WIELKIE","96658"
"251170050","KOŹMIN WIELKOPOLSKI","94338"
"251189999","KOŹMINEK","94437"
"251159999","KOŻUCHÓW","94165"
"252170210","KÓRNIK"," 3305"
"253160140","KRAJENKA","92316"
"250190410","KRAKÓW HISTORYCZNE"," 5510"
"350190566","KRAKÓW-BALICE","  566"
"250199987","KRAKÓW-BIELANY-KLASZTOR","95505"
"250209979","KRAKÓW-ŁĘG","95604"
"250190390","KRAKÓW-OBSERWATORIUM"," 5511"
"250199984","KRAKÓW-SWOSZOWICE","95501"
"250190470","KRAKÓW-WOLA JUSTOWSKA"," 5551"
"252189991","KRAMSK","93416"
"250170270","KRAPKOWICE","95323"
"249229995","KRASICZYN","96833"
"251220120","KRASIENIN","94818"
"249210060","KRASNA","96731"
"252209993","KRASNE","93652"
"253239995","KRASNE","92932"
"251239997","KRASNYSTAW"," 4903"
"250209981","KRASOCIN","95648"
"251180110","KRASZEWICE","94425"
"252200270","KRASZEWO","93666"
"250229987","KRAŚNIK LUBELSKI","95848"
"254160070","KRĄG","91212"
"249210180","KREMPNA","96712"
"250190170","KRĘCIWILK","95581"
"250219997","KRĘPA GÓRNA","95755"
"249219993","KROSNO"," 6704"
"349210670","KROSNO","  670"
"252159998","KROSNO ODRZAŃSKIE","93103"
"249200370","KROŚCIENKO"," 6618"
"251169988","KROŚCINA MAŁA"," 4204"
"251170110","KROTOSZYN","94331"
"250189988","KRÓLÓWKA","95412"
"250180190","KRUPSKI MŁYN","95459"
"251190080","KRUSZÓW","94528"
"254179997","KRUSZYNA","91323"
"249200470","KRYNICA"," 6623"
"252229994","KRYNICA","93813"
"254190030","KRYNICA MORSKA","91523"
"249209980","KRYNICA-GÓRA PARKOWA"," 6624"
"250239987","KRYNICE","95916"
"253220170","KRYPNO KOŚCIELNE","92814"
"250180430","KRYWAŁD","95424"
"249190280","KRZECZÓW","96546"
"251160050","KRZEMIENIEWO","94248"
"250189999","KRZEPICE","95486"
"252190170","KRZEPOCINEK","93501"
"250199989","KRZESZOWICE","95508"
"250160180","KRZESZÓW","95250"
"252150090","KRZESZYCE","93130"
"253150220","KRZĘCIN","92106"
"253200210","KRZYNOWŁOGA MAŁA","92607"
"253149995","KRZYWIN GRYFICKI","92004"
"252150050","KRZYŻ"," 3202"
"253229997","KRZYŻEWO"," 2805"
"250200170","KSIĄŻ WIELKI","95625"
"253209998","KSIĄŻNIK","92645"
"251170390","KSIĘGINICE","94353"
"250169989","KUDOWA ZDRÓJ"," 5251"
"250160450","KUDOWA-ZDRÓJ","95283"
"253190310","KULIGI","92556"
"250170070","KUP","95346"
"254190090","KUROWO BRANIEWSKIE","91550"
"253210270","KURPIE","92703"
"251210250","KURZACZE","94704"
"252160010","KUŹNICA CZARNKOWSKA","93253"
"249199963","KUŹNICE"," 6523"
"249199977","KUŹNICE","96593"
"250219993","KWASÓW","95728"
"251169996","KWIETNO"," 4205"
"249190240","LACHOWICE KRALE","96579"
"253229996","LACHOWO","92820"
"252229992","LACHÓWKA","93821"
"249190480","LALIKI"," 6551"
"252150240","LASKI","93101"
"252210110","LASKI","93747"
"250169991","LASÓWKA","95212"
"250229992","LASZKI","95802"
"252179994","LĄD","93313"
"250160520","LĄDEK-ZDRÓJ"," 5208"
"254209998","LECHOWO","91609"
"252200120","LEGIONOWO"," 3603"
"351160415","LEGNICA","  415"
"254200010","LELKOWO","91617"
"250190110","LELÓW","95563"
"253210190","LESINY WIELKIE","92714"
"349220690","LESKO","  690"
"249190140","LESKOWIEC"," 6505"
"249220120","LESZCZOWATE","96819"
"252200260","LESZNO","93665"
"351160418","LESZNO","  418"
"251150330","LEŚNA","94108"
"253189998","LEŚNA HUTA","92441"
"250189992","LEŚNICA","95447"
"250160470","LEWIN KŁODZKI","95217"
"250229995","LEŻAJSK"," 5805"
"354170125","LĘBORK","  125"
"250190160","LGOTA GÓRNA"," 5504"
"249190030","LIBERTÓW"," 6501"
"253190220","LIDZBARK"," 2505"
"254200080","LIDZBARK WARMIŃSKI"," 1601"
"249199982","LIGASÓWKA-ZĄB","96580"
"250180230","LIGOTA GÓRNA","95491"
"251170240","LIGOTA PIĘKNA","94312"
"250189985","LIGOTA TWORKOWSKA","95405"
"249200180","LIMANOWA"," 6605"
"253140130","LINIE","92010"
"250169986","LIPA","95273"
"249229984","LIPA","96847"
"250229999","LIPA","95836"
"253239988","LIPINA","92917"
"250180350","LIPINY","95435"
"249209995","LIPNICA DOLNA","96650"
"249190920","LIPNICA WIELKA","98501"
"253149998","LIPNIK (LIPKI)"," 2003"
"249190290","LIPOWA","96540"
"254199995","LIPOWINA"," 1550"
"254180170","LISEWO"," 1406"
"254189991","LISEWO","91452"
"250219986","LISIA GÓRA","95707"
"251169998","LISIEC","94222"
"251180050","LISKÓW","94451"
"253150130","LISOWO","92119"
"252229998","LIWSKIE MOSTY","93815"
"250160170","LUBACHÓW","95256"
"250239994","LUBACZÓW"," 5904"
"252189989","LUBANIE","93445"
"251159990","LUBAŃ","94118"
"254180160","LUBAŃ","91406"
"251220090","LUBARTÓW","94822"
"249219987","LUBATOWA","96754"
"253190120","LUBAWA","92523"
"251159983","LUBIATÓW","94161"
"250170040","LUBICZ","95352"
"251199985","LUBIEŃ","94513"
"249190230","LUBIEŃ","96551"
"251150020","LUBIĘCIN","94159"
"252150130","LUBIKOWO","93128"
"251160190","LUBIN","94225"
"252150180","LUBINICKO-ŚWIEBODZIN"," 3104"
"351220495","LUBLIN-RADAWIEC","  495"
"250189996","LUBLINIEC"," 5402", 50.638381, 18.690098
"252150140","LUBNIEWICE","93151"
"251209988","LUBOCHNIA","94628"
"251150350","LUBOMIERZ","94103"
"250160120","LUBOMIN","95258"
"254200090","LUBOMINO","91603"
"252170340","LUBONIEC","93368"
"249190320","LUBOŃ WIELKI"," 6639"
"250179993","LUBOTYŃ","95304"
"251149996","LUBSKO","94009"
"251190020","LUĆMIERZ","94553"
"251199999","LUĆMIERZ"," 4501"
"249200090","LUSŁAWICE","96651"
"252150160","LUTOL SUCHY","93117"
"251190090","LUTOSŁAWICE RZĄDOWE","94523"
"249220230","LUTOWISKA","96807"
"253170150","LUTÓWKO","92328"
"253200230","LUTRY","92654"
"250180330","ŁABĘDY","95436"
"253150070","ŁABĘDZIE","92129"
"252189986","ŁABĘDZIN","93455"
"252179984","ŁABISZYN","93358"
"249209971","ŁABOWA"," 6614"
"249200280","ŁABOWA","96662"
"250160140","ŁAGIEWNIKI","95259"
"251170420","ŁANY","94355"
"250220190","ŁAŃCUT","95805"
"249200080","ŁAPANÓW","96649"
"249200460","ŁAPSZE NIŻNE","96611"
"253190110","ŁASIN","92524"
"251190070","ŁASK","94530"
"251200150","ŁAZISKA"," 4605"
"252220080","ŁAZÓW","93823"
"249200020","ŁAZY"," 6652"
"250190220","ŁAZY","95540"
"249200260","ŁĄCKO"," 6612"
"250179992","ŁĄKA","95315"
"354170120","ŁEBA","  120"
"250180080","ŁEBKI","95473"
"251220150","ŁĘCZNA","94816"
"251210060","ŁĘKAWICA","94730"
"251140040","ŁĘKNICA","94003"
"253210020","ŁĘŻANY","92739"
"254170120","ŁOBZOWO","91309"
"253179989","ŁOBŻENICA"," 2302"
"249190210","ŁODYGOWICE","96548"
"251209997","ŁOKIETKA","94620"
"251230020","ŁOMAZY","94926"
"252179992","ŁOMÓW","93308"
"249200320","ŁOPUSZNA"," 6616"
"252229996","ŁOSICE","93810"
"250179998","ŁOSIÓW"," 5350"
"252190150","ŁOWICZ","93507"
"250229984","ŁOWISKO","95816"
"251150130","ŁOZY","94137"
"351190465","ŁÓDŹ-LUBLINEK","  465"
"251199983","ŁÓDŹ-WIDZEW","94540"
"252150040","ŁUBIANKA","93140"
"250180260","ŁUBIE GÓRNE","95448"
"252209990","ŁUBIEC","93624"
"251229991","ŁUBKI","94851"
"251170230","ŁUCZYNA","94315"
"251220020","ŁUKÓW","94838"
"254170090","ŁUPAWSKO","91351"
"249200530","ŁYSA POLANA"," 6631"
"251199986","ŁYSZKOWICE","94550"
"250190310","MACZKI","95521"
"252140190","MACZKÓW","93054"
"249199969","MAGURKA","96559"
"250210160","MAJDAN KRÓLEWSKI","95763"
"250239993","MAJDAN WIELKI","95914"
"252220170","MAKARÓWKA","93805"
"250180410","MAKOSZOWY","95429"
"249190190","MAKÓW PODHALAŃSKI"," 6507"
"254199994","MALBORK","91503"
"254170050","MALCZKOWO","91329"
"251160240","MALCZYCE","94216"
"250200080","MAŁOGOSZCZ","95644"
"253200090","MAŁSZEWO","92628"
"250199976","MAŁUSY WIELKIE","95569"
"253210060","MARADKI","92735"
"253220180","MARIANOWO"," 2804"
"253220330","MARIANOWO II"," 2858"
"252140150","MASZEWO","93002"
"253159996","MASZEWO","92121"
"250239983","MATCZE","95933"
"251210260","MAZANÓW","94702"
"249180070","MAZAŃCOWICE","96421"
"253170290","MĄKOWARSKO","92369"
"253179996","MĄKOWARSKO","92323"
"250190420","MĘTKÓW","95504"
"253220240","MĘŻENIN","92804"
"252160030","MIAŁY","93247"
"254160110","MIASTKO"," 1202"
"252219996","MIĄSE","93742"
"252239996","MICHAŁKI","93902"
"252160150","MICHORZEWO","93229"
"252160330","MICHORZEWO II","93297"
"251220080","MICHÓW","94824"
"254159999","MIECHĘCINO","91105"
"250200210","MIECHÓW"," 5604"
"252209994","MIEDNIEWICE","93603"
"350210577","MIELEC","  577"
"250210210","MIELEC","95765"
"253140150","MIELĘCIN","92003"
"253169992","MIELĘCIN","92204"
"253209987","MIELNO"," 2603"
"254160050","MIELNO","91214"
"250160310","MIEROSZÓW","95238"
"252149996","MIESZKOWICE","93016"
"251170180","MIĘDZYBÓRZ","94319"
"249190130","MIĘDZYBRODZIE BIALSKIE"," 6506"
"250160630","MIĘDZYGÓRZE","95207"
"250160650","MIĘDZYLESIE","95202"
"251220010","MIĘDZYRZEC PODLASKI","94842"
"252150150","MIĘDZYRZECZ","93123"
"249180570","MIĘDZYRZECZE GÓRNE","96456"
"253230190","MIKASZÓWKA","92954"
"252239994","MIKŁASZE","93912"
"252190060","MIKOŁAJEWO","93550"
"353210280","MIKOŁAJKI","  280"
"250189978","MIKOŁÓW","95422"
"254170060","MIKOROWO","91352"
"253210360","MIKOSZE","92757"
"251199998","MIKULIN","94554"
"253179999","MILACHOWO","92358"
"251199990","MILEJÓW","94518"
"251170140","MILICZ","94326"
"249190410","MILÓWKA","96521"
"252160040","MIŁKOWO","93248"
"250159996","MIŁKÓW","95111"
"250219985","MIŁOCIN","95708"
"254180180","MIŁORADZ","91401"
"254189995","MIRACHOWO","91423"
"251180150","MIRKÓW","94450"
"250229991","MIROCIN"," 5850"
"253160130","MIROSŁAWIEC","92210"
"250150510","MIRSK","95137"
"249200360","MIZERNA"," 6636"
"353200270","MŁAWA","  270"
"250160540","MŁOTY","95278"
"253210040","MŁYNOWO","92736"
"249230010","MŁYNY","96902"
"250209982","MNISZEK","95639"
"252190050","MOCHOWO","93535"
"352200362","MODLIN","  362"
"252189990","MODZEROWO","93421"
"250180440","MODZURÓW","95421"
"252179986","MOGILNO","93342"
"253190230","MOKRY LAS","92553"
"253220150","MOŃKI","92818"
"253220310","MOŃKI","92852"
"250209977","MORAWICA","95641"
"252220160","MORDY","93809"
"249200910","MORSKIE OKO"," 6634"
"249200560","MORSKIE OKO","96660"
"252149997","MORYŃ","93022"
"252160180","MOSINA","93222"
"251230050","MOSTY","94921"
"251199988","MOSZCZENICA","94524"
"253170280","MOTYL","92368"
"253210340","MRĄGOWO","92755"
"251200190","MROCZKÓW","94609"
"249189999","MSZANA","96429"
"249209986","MSZANA DOLNA"," 6607"
"249200980","MSZANA DOLNA"," 6669"
"251200010","MSZCZONÓW","94643"
"250190330","MURCKI","95513"
"249200490","MUSZYNA"," 6628"
"249229992","MYCZKOWCE","96813"
"250150140","MYSŁAKOWICE","95119"
"250160080","MYSŁAKÓW","95262"
"250190540","MYSZKÓW","95553"
"253210210","MYSZYNIEC"," 2750"
"249199995","MYŚLENICE","97513"
"252140020","MYŚLIBÓRZ","93023"
"254199997","MYŚLIWIEC","91516"
"250209996","NAGŁOWICE","95637"
"252170170","NAGRADOWICE","93319"
"251229993","NAŁĘCZÓW"," 4805"
"251170290","NAMYSŁÓW"," 4304"
"252230040","NAREW","93920"
"252230230","NAREW ATSO","93954"
"252230240","NAREWKA","93953"
"252230060","NAREWKA","93918"
"250230090","NAROL","95907"
"252150310","NĄDNIA","93155"
"249200420","NIEDZICA"," 6654"
"250169988","NIEDŹWIEDNIK","95230"
"253210150","NIEDŹWIEDZIE","92720"
"249209983","NIEDŹWIEDŹ","96625"
"252210090","NIEGÓW","93770"
"252219997","NIEGÓW"," 3703"
"250230020","NIELISZ"," 5952"
"250160230","NIEMCZA","95249"
"250170740","NIEMODLIN","95364"
"252229993","NIEMOJKI","93812"
"250160640","NIEMOJÓW","95201"
"252209997","NIEPOKALANÓW"," 3606"
"254170220","NIESIOŁOWICE-RZEPISKA","91357"
"254170130","NIEZABYSZEWO","91310"
"250190020","NIEZNANICE","95575"
"253179994","NIEŻYCHOWO","92308"
"253219996","NIKUTOWO"," 2701"
"250199982","NIWKA","95518"
"250180070","NIWKI","95490"
"252160090","NOJEWO","93240"
"250210020","NOSÓW","95752"
"250190360","NOWA GÓRA","95511"
"250169993","NOWA MORAWA","95206"
"254190020","NOWA PASŁĘKA","91526"
"250169995","NOWA RUDA","95228"
"250160370","NOWA RUDA-SŁUPIEC","95227"
"250210040","NOWA SŁUPIA","95750"
"251150050","NOWA SÓL","94166"
"252209992","NOWA SUCHA","93609"
"251229998","NOWA WIEŚ"," 4803"
"251220110","NOWA WIEŚ","94853"
"252170260","NOWA WIEŚ PODGÓRNA","93310"
"253169989","NOWA WIEŚ UJSKA"," 2203"
"252180020","NOWA WIEŚ WIELKA","93453"
"252180340","NOWA WIEŚ WIELKA II","93463"
"253239994","NOWA WOLA","92901"
"249190640","NOWE BYSTRE","96509"
"249199981","NOWE BYSTRE-SŁODYCZKI","96582"
"252230080","NOWE MASIEWO","93917"
"252209987","NOWE MIASTO","93640"
"253190150","NOWE MIASTO","92520"
"254190240","NOWE SADŁUKI","91551"
"253230210","NOWINKA","92955"
"253150060","NOWOGARD","92130"
"251150220","NOWOGRODZIEC","94123"
"253219995","NOWOGRÓD","92709"
"251150030","NOWOGRÓD BOBRZAŃSKI","94154"
"252239999","NOWOSADY","93915"
"252230010","NOWOSADY","93923"
"249220090","NOWOSIELCE","96850"
"253230170","NOWOSIÓŁKI","92952"
"253230150","NOWOSIÓŁKI","92912"
"249220110","NOWOTANIEC","96817"
"253239987","NOWOWOLA","92924"
"253220280","NOWY CYDZYN"," 2855"
"249190330","NOWY DWÓR"," 6510"
"253239985","NOWY DWÓR","92929"
"252209998","NOWY DWÓR MAZOWIECKI","93633"
"253199990","NOWY FOLWARK","92539"
"250160570","NOWY GIERAŁTÓW","95211"
"253180170","NOWY JASINIEC","92418"
"250230120","NOWY LUBLINIEC"," 5905"
"253200070","NOWY RAMUK","92631"
"349200660","NOWY SĄCZ","  660"
"254190130","NOWY STAW","91510"
"249200960","NOWY TARG-KOWANIEC","96668"
"254189993","NOWY WIEC","91407"
"249209998","NOWY WIŚNICZ","96653"
"249210120","NOWY ŻMIGRÓD","96719"
"252230160","NURZEC","93906"
"250170230","NYSA","95325"
"249190520","OBIDOWA"," 6516"
"254170030","OBJAZDA","91335"
"250200350","OBLĘGOREK","95665"
"250200030","OBLĘGÓR","95652"
"251160220","OBORNIKI ŚLĄSKIE","94221"
"252160080","OBORNIKI WIELKOPOLSKIE","93241"
"252160320","OBORNIKI WIELKOPOLSKIE II","93296"
"250229996","OBSZA","95817"
"249180080","OCHABY","96419"
"249209981","OCHOTNICA DOLNA","96621"
"249200290","OCHOTNICA GÓRNA","96620"
"253189991","OCYPEL","92437"
"251170130","ODOLANÓW","94327"
"251200110","ODRZYWÓŁ","94622"
"253229989","OGRÓDEK","92831"
"250190340","OJCÓW","95515"
"251159994","OKMIANY","94127"
"253160080","OKONEK","92219"
"250209997","OKSA","95638"
"254169996","OKUNINO","91204"
"254220090","OLECKO"," 1802"
"250189970","OLESNO","95480"
"250209990","OLESNO"," 5607"
"250190290","OLEWIN"," 5506"
"252199993","OLGANOWO","93525"
"250199993","OLKUSZ"," 5519"
"252229995","OLSZANKA","93807"
"253200060","OLSZEWKI","92650"
"353200272","OLSZTYN","  272"
"252230180","OLSZYN","93951"
"250170030","OŁAWA","95353"
"250179999","OŁAWA"," 5310"
"250160510","OŁDRZYCHOWICE KŁODZKIE","95216"
"250199997","OŁUDZA","95554"
"252169990","OPALENICA","93225"
"252199999","OPATOWIEC","93527"
"250159997","OPAWA","95101"
"252190140","OPIESIN","93551"
"252199996","OPIESIN-GŁOGOWA"," 3550"
"251200130","OPOCZNO","94651"
"251209999","OPOCZNO"," 4603"
"350170530","OPOLE","  530"
"251219997","OPOLE LUBELSKIE"," 4706"
"251210190","OPOLE LUBELSKIE","94742"
"254209996","ORNETA","91605"
"250180630","ORZECH","95495"
"249210160","ORZECHÓWKA","96757"
"250180480","ORZESZE","95416"
"252230130","ORZESZKOWO","93911"
"252210260","ORZESZYN","93702"
"253210070","ORZYSZ","92734"
"251160110","OSETNO","94234"
"253180120","OSIE","92427"
"249199999","OSIEK","96574"
"249190270","OSIELEC","96545"
"253180210","OSIELSKO","92409"
"250179989","OSINA MAŁA","95358"
"252140030","OSINÓW DOLNY","93019"
"251180160","OSJAKÓW","94416"
"253220120","OSOWIEC","92822"
"251210220","OSÓWKA","94706"
"253160020","OSÓWKO","92253"
"353210285","OSTROŁĘKA","  285"
"253210310","OSTROŁĘKA","92740"
"250160320","OSTROSZOWICE","95281"
"250160330","OSTROSZOWICE"," 5204"
"253159998","OSTROWICE","92128"
"250210010","OSTROWIEC ŚWIĘTOKRZYSKI","95753"
"253190160","OSTROWITE","92519"
"253190260","OSTROWITE","92503"
"254189992","OSTROWITE","91414"
"252199997","OSTROWY"," 3506"
"250219991","OSTROWY TUSZOWSKIE","95723"
"252219999","OSTRÓW MAZOWIECKA","93759"
"251170120","OSTRÓW WIELKOPOLSKI","94329"
"251170160","OSTRZESZÓW","94321"
"251170430","OSTRZESZÓW II","94356"
"252140110","OŚNO LUBUSKIE","93008"
"250190440","OŚWIĘCIM","95503"
"250170250","OTMUCHÓW"," 5305"
"251199987","OZORKÓW","94548"
"250229993","OŻAŃSK"," 5806"
"251189993","OŻARÓW","94408"
"250170220","PACZKÓW","95324"
"250150240","PACZYN","95104"
"253200050","PAJTUNY","92634"
"252180060","PAKOŚĆ","93446"
"252160160","PAPROĆ"," 3204"
"250150250","PAPROTKI"," 5106"
"254190160","PASŁĘK","91507"
"250160420","PASTERKA","95222"
"251159997","PASTERZOWICE"," 4150"
"250189977","PAWŁOWICZKI","95425"
"251209990","PETRYKOZY","94615"
"249190310","PEWEL MAŁA","96541"
"249199989","PEWEL WIELKA","96542"
"251220160","PIASKI","94810"
"252209991","PIASTÓW","93612"
"254179992","PIASZCZYNA","91302"
"249199985","PIEKŁO","96514"
"250170380","PIELGRZYMÓW","95307"
"254209997","PIENIĘŻNO","91611"
"251150210","PIEŃSK","94126"
"251169985","PIERSNA","94254"
"251159987","PIESZKÓW","94117"
"251230070","PIESZOWOLA","94917"
"253190080","PIETRZWAŁD","92526"
"251149998","PIETRZYKÓW","94005"
"250220010","PILASZKOWICE","95850"
"252210280","PILAWA","93775"
"250150050","PILCHOWICE","95133"
"251200260","PILCZYCA","94603"
"250190210","PILICA","95543"
"252180140","PILICH","93457"
"249210010","PILZNO","96743"
"353160230","PIŁA","  230"
"253160210","PIŁAWA","92257"
"250160280","PIŁAWA GÓRNA","95242"
"251210110","PIONKI","94721"
"251190120","PIOTRKÓW TRYBUNALSKI","94519"
"252170220","PIOTROWO","93316"
"250219973","PIÓRKÓW","95759"
"253229993","PISANICA"," 2853"
"253210110","PISZ","92727"
"249200410","PIWNICZNA"," 6619"
"249200920","PIWNICZNA"," 6655"
"250190180","PIWOŃ","95546"
"252229997","PLATERÓW"," 3802"
"252220150","PLATERÓW","93855"
"251179993","PLESZEW","94343"
"251190140","PLUCICE","94551"
"251150310","PŁAWNA","94112"
"253170130","PŁAZOWO","92335"
"352190360","PŁOCK","  360"
"253150210","PŁOTNO","92107"
"253150040","PŁOTY","92136"
"251159993","PŁÓCZKI DOLNE"," 4105"
"250189990","PŁUŻNICZKA"," 5450"
"254210040","PNIEWO","91706"
"252169998","PNIEWY","93238"
"250150030","POBIEDNA","95129"
"252170120","POBIEDZISKA","93330"
"252160020","PODANIN","93254"
"251180040","PODDĘBICE","94442"
"253220230","PODGÓRZE","92806"
"253140030","PODGRODZIE","92024"
"250239988","PODHAJCE","95913"
"252140170","PODOŚNO","93052"
"250160460","PODZAMEK","95219"
"250170260","POGÓRZE","95322"
"250179994","POKÓJ"," 5301"
"249220220","POLANA","96808"
"249190670","POLANA CHOCHOŁOWSKA"," 6525"
"250160490","POLANICA-ZDRÓJ","95298"
"253239997","POLANKI","92918"
"250209989","POLANOWICE","95614"
"254160080","POLANÓW","91207"
"251160150","POLKOWICE DOLNE"," 4202"
"250219979","POŁANIEC","95730"
"253169997","POŁCZYN-ZDRÓJ"," 2201"
"254239998","POMORZE","91903"
"249199997","PONIKIEW","96565"
"250189980","POPIELÓW","95406"
"253239998","POPIOŁÓWKA","92920"
"253150050","PORADZ","92132"
"250199998","PORAJ","95562"
"249199996","PORĄBKA","96564"
"250199979","PORĘBA","95547"
"249200510","PORONIN"," 6629"
"249200930","PORONIN"," 6656"
"250209984","POSZYNA (KŁAJ)","95663"
"252200060","POŚWIĘTNE"," 3602"
"250230050","POTURZYN","95915"
"253219991","POWAŁCZYN","92728"
"252170150","POWIDZ","93325"
"253169998","POWOJEWO","92228"
"352160330","POZNAŃ-ŁAWICA","  330"
"253150150","POŹRZADŁO WIELKIE","92116"
"249200210","PÓŁRZECZKI","96630"
"253190070","PRABUTY"," 2503"
"253220060","PROSTKI","92829"
"250179996","PRÓSZKÓW","95332"
"249229988","PRUCHNIK","96839"
"250170320","PRUDNIK"," 5307"
"250170530","PRUDNIK","95360"
"253159990","PRUSIM","92135"
"250209986","PRUSY","95606"
"252200210","PRUSZKÓW","93662"
"253209993","PRZASNYSZ"," 2605"
"252170080","PRZEBĘDOWO","93337"
"253179984","PRZECHLEWO","92349"
"253220110","PRZECHODY"," 2854"
"251190160","PRZEDBÓRZ","94506"
"252209999","PRZEDWOJEWO"," 3601"
"252200010","PRZEDWOJEWO","93659"
"251220030","PRZEGALINY DUŻE","94835"
"250199981","PRZEGINIA","95519"
"251150160","PRZEJĘSŁAW","94133"
"253150190","PRZELEWICE"," 2102"
"254229999","PRZEŁOMKA","91851"
"349220695","PRZEMYŚL","  695"
"254210050","PRZERWANKI","91704"
"251159986","PRZESIECZANY","94122"
"250150210","PRZESIEKA","95110"
"250230040","PRZEWALE","95917"
"250170120","PRZEWORNO","95337"
"250229986","PRZEWORSK","95804"
"250189969","PRZYSTAJŃ","95481"
"251209989","PRZYSUCHA","94617"
"249219999","PSTRĄGOWA","96740"
"251220180","PSZCZELA WOLA","94808"
"249180010","PSZCZYNA"," 5409"
"250160090","PSZENNO"," 5250"
"253210180","PTAKI","92715"
"253210290","PTAKI","92752"
"249200240","PTASZKOWA"," 6609"
"251190050","PUCZNIEW"," 4503"
"251210120","PUŁAWY"," 4705"
"249210210","PUŁAWY DOLNE","96751"
"252210050","PUŁTUSK"," 3701"
"253149994","PYRZYCE","92008"
"249200190","RABA NIŻNA","96664"
"249190470","RABA WYŻNA","96527"
"249229991","RABE","96810"
"249190370","RABKA"," 6512"
"252200030","RACIĄŻ","93643"
"253210120","RACIBÓR","92724"
"350180540","RACIBÓRZ","  540"
"250170540","RACŁAWICE ŚLĄSKIE","95361"
"253220020","RACZKI","92844"
"250220180","RADAWA","95807"
"251219999","RADOM"," 4708"
"351219994","RADOM","  485"
"251160030","RADOMICKO","94252"
"251199993","RADOMSKO","94505"
"251169986","RADOMYŚL","94249"
"250210230","RADOMYŚL WIELKI","95715"
"253180020","RADOSTOWO"," 2401"
"252180310","RADOSZEWICE"," 3408"
"251209992","RADOSZYCE","94606"
"249190890","RADZIECHOWY"," 6552"
"250200250","RADZIEMICE","95616"
"253220130","RADZIŁÓW","92819"
"249190050","RADZISZÓW","96573"
"251160320","RADZYŃ"," 4251"
"251220040","RADZYŃ PODLASKI","94898"
"251229999","RADZYŃ PODLASKI"," 4801"
"253180160","RADZYŃ-FIJEWO","92421"
"249190540","RAJCZA","96515"
"250210110","RAKÓW","95740"
"250219975","RANIŻÓW WILKI","95756"
"253229995","RANTY","92840"
"250180150","RASZOWA","95461"
"249190610","RATUŁÓW","96590"
"249199962","RATUŁÓW"," 6550"
"253159999","REDŁO"," 2150"
"253209985","REKOWNICA","92621"
"353150210","RESKO-SMÓLSKO","  210"
"254180080","RĘBISKA","91425"
"250150060","RĘBISZÓW","95130"
"250159995","RĘDZINY","95115"
"254190230","ROGITY","91530"
"252160060","ROGOŹNO","93345"
"250170210","ROGÓW OPOLSKI","95327"
"251190060","ROKICINY","94533"
"250180310","ROKITNICA","95440"
"253190240","ROKITNICA","92508"
"252150290","ROKITNO","93154"
"253209986","ROMANY-SEBORY","92604"
"250210250","ROPCZYCE","95706"
"251189996","ROSZKOWICE","94406"
"250160250","ROŚCISZÓW","95246"
"253199992","ROZAJNY","92531"
"249200120","ROZDZIELE","96645"
"254180010","ROZEWIE"," 1401"
"253210170","ROZOGI","92719"
"249190260","ROZTOKI","96543"
"249220290","ROZTOKI GÓRNE","96801"
"253170110","ROZWORY","92336"
"249209991","ROŻNÓW"," 6604"
"251180230","ROŻNÓW","94403"
"253200160","RÓG","92615"
"253230020","RÓŻANYSTOK"," 2901"
"253170030","RÓŻKI-DĘBIE","92355"
"253199994","RUDA","92507"
"250220150","RUDA ŁAŃCUCKA","95851"
"251230110","RUDA OPALIN","94911"
"250230110","RUDA RÓŻANIECKA","95905"
"251160140","RUDNA","94228"
"250229997","RUDNIK","95824"
"249180090","RUDZICA","96420"
"253199998","RUDZIENICE","92530"
"253180130","RULEWO","92426"
"253209996","RUMY","92637"
"254209995","RUNOWO","91607"
"251209994","RUSINÓW","94652"
"251200140","RUSZKOWICE","94659"
"254229996","RUTKA TARTAK","91818"
"252210290","RYBIENKO","93777"
"250180510","RYBNIK","95493"
"250180520","RYBNIK"," 5408"
"252239993","RYBOŁY","93921"
"249220070","RYBOTYCZE","96826"
"249190580","RYCERKA GÓRNA","96511"
"253199995","RYCHLIKI"," 2501"
"251170260","RYCHTAL","94308"
"250190230","RYCZÓW","95541"
"252160050","RYCZYWÓŁ","93249"
"250180540","RYDUŁTOWY","95409"
"250200050","RYKOSZYN","95647"
"253210030","RYN","92738"
"251159988","RZĄSINY","94115"
"251199992","RZEJOWICE","94507"
"350220580","RZESZÓW-JASIONKA","  580"
"252189988","RZESZYN","93432"
"252219986","RZEWNIE","93760"
"251200160","RZUCÓW","94658"
"251200050","SADKOWICE","94633"
"250210080","SADKÓW","95745"
"250219972","SADKÓW"," 5752"
"252210060","SADOWNE","93753"
"250239985","SAHRYŃ","95919"
"249220190","SAKOWCZYK","96852"
"254199993","SAŁKOWICE","91505"
"253179992","SAMOKLĘSKI","92305"
"350210585","SANDOMIERZ","  585"
"251140110","SANICE","94013"
"249220080","SANOK-TREPCZA"," 6805"
"252159993","SANTOK","93135"
"251210290","SARNÓWEK DUŻY","94751"
"250229989","SARZYNA","95819"
"251239994","SAWIN","94910"
"254219998","SĄTOPY-SAMULEWO","91703"
"254230020","SEJNY","91904"
"251180340","SEMPÓŁKI","94453"
"252219988","SEROCK","93745"
"252210250","SEROCZYN","93769"
"252219992","SEROCZYN"," 3707"
"250200140","SĘDZISZÓW","95633"
"253160010","SĘPOLNO WIELKIE","92234"
"253200020","SĘTAL","92641"
"254220050","SIDORY","91850"
"249190360","SIDZINA","96534"
"352220385","SIEDLCE","  385"
"250189994","SIEDLEC","95455"
"253210010","SIEDLISKA","91701"
"251150260","SIEKIERCZYN","94119"
"250200020","SIEKIERNO","95656"
"250200220","SIELEC"," 5605"
"251179999","SIELEC STARY","94330"
"251180190","SIEMIANICE","94409"
"250190560","SIEMIANOWICE ŚLĄSKIE","95585"
"252229999","SIEMIATYCZE","93818"
"251180180","SIEMKOWICE","94410"
"249199986","SIENIAWA"," 6517"
"250229985","SIENIAWA","95809"
"250140020","SIENIAWKA","95001"
"252210220","SIENNICA","93708"
"249190060","SIEPRAW","96571"
"251180090","SIERADZ"," 4401"
"251180350","SIERADZ-DZIGORZEW"," 4404"
"253140180","SIERAKOWO","92053"
"254160060","SIERAKOWO","91211"
"250189997","SIERAKÓW","95476"
"249201010","SIERCZA"," 6670"
"253189996","SIEROSŁAW","92425"
"252190020","SIERPC","93540"
"250190030","SILNICZKA"," 5501"
"253160070","SILNOWO","92222"
"252210180","SINOŁĘKA","93768"
"252219995","SINOŁĘKA"," 3705"
"251170070","SKAŁÓW","94336"
"251210140","SKARYSZEW","94715"
"251200210","SKARŻYSKO KAMIENNA","94655"
"252190010","SKĘPE (WYMYŚLIN)","93539"
"250230010","SKIERBIESZÓW","95928"
"251200030","SKIERNIEWICE"," 4601"
"249180120","SKOCZÓW","96416"
"252179991","SKOKI","93343"
"250219974","SKOLANKOWSKA WOLA","95758"
"251180380","SKOMLIN","94456"
"251199994","SKOTNIKI","94511"
"251220130","SKOWIESZYNEK","94854"
"250200120","SKRONIÓW"," 5602"
"253190280","SKRWILNO","92502"
"250209988","SKRZESZOWICE","95615"
"252179987","SKRZETUSZEWO","93335"
"249190690","SKRZYCZNE","96591"
"249199961","SKRZYCZNE"," 6508"
"250239996","SKWARKI","95909"
"252150110","SKWIERZYNA","93131"
"252150280","SKWIERZYNA","93153"
"251230040","SŁAWATYCZE","94924"
"253200150","SŁAWKOWO","92616"
"254160030","SŁAWNO","91219"
"253150030","SŁAWOBORZE","92140"
"252170030","SŁĘBOWO","93353"
"252170350","SŁĘBOWO II","93369"
"254190150","SŁOBITY","91512"
"253169999","SŁOSINKO","92235"
"250160480","SŁOSZÓW"," 5254"
"251200120","SŁOWIKÓW","94653"
"352140310","SŁUBICE","  310"
"254170250","SŁUCHOWO","91358"
"252170190","SŁUPCA"," 3304"
"250199985","SŁUPIA"," 5503"
"252179993","SŁUPIA WIELKA"," 3306"
"252219989","SŁUPNO","93741"
"254170190","SŁUPSK","91356"
"254179998","SŁUPSK"," 1303"
"254179999","SŁUPSK"," 1350"
"254160120","SŁUPSK II","91253"
"249190570","SMEREKÓW MAŁY","96513"
"254239999","SMOLANY","91907"
"251170090","SMOLICE"," 4302"
"249229986","SMOLNIK"," 6810"
"254170020","SMOŁDZINO","91340"
"253170240","SMUKAŁA","92365"
"250209999","SNOCHOWICE","95651"
"252179985","SOBIEJUCHY","93356"
"252180070","SOBIESIERNIE","93444"
"251220070","SOBIESZYN"," 4802"
"251220220","SOBIESZYN","94856"
"249190750","SOBLÓWKA","96595"
"251140060","SOBOLICE","94002"
"250160060","SOBÓTKA","95265"
"251170080","SOBÓTKA","94335"
"251170410","SOBÓTKA II","94354"
"252200170","SOCHACZEW","93618"
"253230080","SOCHONIE","92953"
"253239991","SOKOLE","92906"
"251170250","SOKOŁOWICE","94313"
"251159991","SOKOŁOWIEC","94111"
"253230050","SOKÓŁKA","92921"
"251210180","SOLEC NAD WISLĄ","94708"
"249220150","SOLINA-JAWOR"," 6813"
"252210130","SOŁKI","93740"
"254170160","SOMINY","91305"
"252180170","SOMPOLNO","93425"
"249190430","SOPOTNIA WIELKA","96522"
"250199994","SOSNOWIEC","95524"
"250190580","SOSNOWIEC-JULIUSZ","95587"
"253220340","SOSNOWO","92853"
"250180390","SOŚNICOWICE","95428"
"252159991","SOWIA GÓRA","93144"
"250160580","SPALONA","95280"
"251200090","SPAŁA","94624"
"249190460","SPYTKOWICE GÓRNE","96583"
"250160350","SREBRNA GÓRA","95229"
"250220090","STALOWA WOLA","95829"
"250189989","STANICE","95423"
"249199968","STANISŁAW GÓRNY","96570"
"251160280","STANISŁAWÓW","94206"
"252210140","STANISŁAWÓW","93734"
"251150420","STANKOWICE","94168"
"250180470","STANOWICE","95415"
"251200240","STANOWISKA","94654"
"250219981","STANY","95729"
"249190910","STAŃCOWA","96598"
"249199987","STAŃCOWA"," 6515"
"250150080","STARA KAMIENICA","95124"
"250180370","STARA KUŹNIA","95431"
"251210230","STARACHOWICE","94705"
"251169991","STARE DRZEWCE","94242"
"253219992","STARE GUTY","92726"
"253209992","STARE MIASTO","92620"
"250180030","STARE OLESNO"," 5401"
"250170080","STARE SIOŁKOWICE","95344"
"251160040","STARE STRĄCZE","94246"
"253159995","STARGARD SZCZECIŃSKI","92114"
"253150010","STARNIN","92143"
"253180030","STAROGARD GDAŃSKI","92444"
"252180120","STARY BRZEŚĆ","93460"
"252189995","STARY BRZEŚĆ"," 3450"
"250229994","STARY DZIKÓW","95812"
"254230030","STARY FOLWARK","91902"
"250210130","STASZÓW"," 5705"
"253209988","STAWIGUDA","92632"
"253220140","STAWISKI","92817"
"254190060","STEGNA","91521"
"253140050","STEPNICA","92022"
"252160170","STĘSZEW","93223"
"250200180","STOPNICA","95626"
"252230050","STRABLA","93919"
"249190120","STRACONKA","96561"
"253190040","STRASZEWO","92538"
"251140050","STRASZÓW","94140"
"250160560","STRONIE ŚLĄSKIE","95210"
"249190150","STRÓŻA","96562"
"251160210","STRUPINA","94224"
"254179991","STRUSZEWO","91312"
"254190180","STRUŻYNA","91502"
"249199967","STRYSZÓW","96584"
"250160010","STRZEGOM","95271"
"252200020","STRZEGOWO","93651"
"252199998","STRZELCE","93516"
"252150060","STRZELCE KRAJEŃSKIE","93139"
"250180220","STRZELCE OPOLSKIE","95453"
"250170090","STRZELIN","95341"
"251199997","STRZELNA"," 4502"
"252180110","STRZELNO","93438", 52.631755, 18.163719
"250209994","STRZESZKOWICE","95629"
"250240010","STRZYŻÓW"," 5927"
"250249999","STRZYŻÓW","95927"
"253209999","STUDNICA","92646"
"250189983","STUDZIENICE","95489"
"249220280","STUPOSIANY"," 6850"
"251150070","STYPUŁÓW","94149"
"249199971","SUCHA BESKIDZKA","96553"
"253239999","SUCHA RZECZKA","92933"
"253150160","SUCHAŃ","92113"
"251200250","SUCHEDNIÓW","94604"
"250219995","SUCHOWOLA","95735"
"253239986","SUCHOWOLA","92928"
"250180380","SUKOWICE"," 5407"
"252150220","SULECHÓW","93105"
"351190469","SULEJÓW","  469"
"252219990","SULEJÓWEK","93730"
"252159999","SULĘCIN"," 3103"
"254179990","SULĘCZYNO","91318"
"253159994","SULIBOREK","92115"
"251150290","SULIKÓW","94114"
"251199991","SULMIERZYCE","94510"
"251179996","SUŁÓW","94323"
"253230090","SUPRAŚL","92913"
"253230160","SUPRAŚL"," 2950"
"252220020","SURAŻ","93838"
"354220195","SUWAŁKI","  195"
"251170220","SYCÓW","94316"
"253169994","SYPNIEWO","92216"
"253170160","SYPNIEWO","92322"
"251180070","SZADEK","94432"
"249200380","SZAFLARY","96612"
"250160840","SZALEJÓW GÓRNY","95286"
"253170230","SZAMOCIN","92301"
"252160110","SZAMOTUŁY-BABORÓWKO"," 3203"
"250200160","SZANIEC","95661"
"250209974","SZANIEC"," 5603"
"249220140","SZCZAWNE","96812"
"249209977","SZCZAWNICA"," 6620"
"250160130","SZCZAWNO-ZDRÓJ"," 5203"
"250229983","SZCZEBRZESZYN","95837"
"353140205","SZCZECIN","  205"
"253140170","SZCZECIN-PODJUCHY","92052"
"253140210","SZCZECIN-POGODNO","92054"
"253149992","SZCZECIN-WARSZEWO","92018"
"353160215","SZCZECINEK","  215"
"251220210","SZCZEKARKÓW","94855"
"250199990","SZCZEKOCINY"," 5502"
"250209991","SZCZEPANOWICE","95618"
"253200170","SZCZEPKOWO BOROWE","92613"
"251190130","SZCZERCÓW","94516"
"250210190","SZCZUCIN","95722"
"253220090","SZCZUCZYN"," 2803"
"254200120","SZCZURKOWO","91619"
"249180210","SZCZYRK","96547"
"253210130","SZCZYTNO"," 2702"
"251170040","SZELEJEWO","94340"
"252170070","SZELEJEWO","93344"
"252220030","SZEPIETOWO"," 3801"
"253210090","SZEROKI BÓR","92725"
"249210050","SZERZYNY","96732"
"250150150","SZKLARSKA PORĘBA"," 5103"
"254190140","SZOPY","91511"
"251159996","SZPROTAWA"," 4102"
"251169989","SZRENIAWA","94250"
"253239983","SZTABIN","92931"
"253209989","SZUĆ","92624"
"253230070","SZUDZIAŁOWO","92916"
"250180060","SZUMIRAD","95477"
"250239984","SZYCHOWICE","95920"
"250170150","SZYDŁOWIEC ŚLĄSKI","95335"
"250170180","SZYDŁÓW","95331"
"250210140","SZYDŁÓW","95737"
"249219989","SZYMBARK","96721"
"253210050","SZYMONKA","92737"
"249190160","SZYNDZIELNIA","96556"
"249219983","SZYNWAŁD","96742"
"250199980","ŚCIBORZYCE","95523"
"250170360","ŚCIBORZYCE MAŁE","95310"
"251160180","ŚCINAWA","94226"
"250179990","ŚCINAWA MAŁA","95320"
"249190220","ŚLEMIEŃ","96550"
"252219998","ŚLEPIOTY","93756"
"253180090","ŚLIWICE"," 2402"
"249190450","ŚMIETANOWA","96526"
"250219976","ŚMIŁÓW","95749"
"350150510","ŚNIEŻKA","  510"
"252170270","ŚREM","93305"
"252179989","ŚREM"," 3308"
"252179997","ŚREM","93307"
"252179990","ŚREM-WÓJTOSTWO"," 3307"
"250189973","ŚWIBIE","95456"
"252210210","ŚWIDER","93771"
"252219993","ŚWIDER"," 3706"
"250169998","ŚWIDNICA"," 5202"
"249200160","ŚWIDNIK","96638"
"251150370","ŚWIECIE","94102"
"253189994","ŚWIECIE","92420"
"250150530","ŚWIERADÓW ZDRÓJ"," 5151"
"250150090","ŚWIERADÓW-ZDRÓJ"," 5101"
"250160730","ŚWIERKI","95285"
"250180270","ŚWIERKLANIEC"," 5404"
"251150360","ŚWIERZAWA","94105"
"250199999","ŚWIĘTA ANNA","95571"
"253210370","ŚWIĘTAJNO"," 2705"
"252160260","ŚWIĘTNO","93202"
"250210050","ŚWIĘTY KRZYŻ"," 5701"
"353140200","ŚWINOUJŚCIE","  200"
"250180290","TACISZÓW","95442"
"251160250","TACZALIN","94211"
"251219995","TARŁÓW","94701"
"250220140","TARNOGRÓD"," 5804"
"250230080","TARNOSZYN","95910"
"251160060","TARNOWA ŁĄKA","94243"
"250160360","TARNÓW"," 5205"
"350200575","TARNÓW","  575"
"251209993","TĄKIELE","94632"
"254189994","TCZEW"," 1451"
"249220160","TELEŚNICA OSZWAROWA","96811"
"249220050","TEMESZÓW","96829"
"251200290","TEOFILÓW","94661"
"352230399","TERESPOL","  399"
"249220210","TERKA"," 6812"
"254180070","TĘPCZ","91426"
"253180250","TLEŃ","92453"
"254190070","TOLKMICKO","91520"
"254199998","TOLKMICKO"," 1502"
"253209995","TOMARYNY","92653"
"251150180","TOMASZÓW BOLESŁAWIECKI"," 4104"
"250230070","TOMASZÓW LUBELSKI"," 5902"
"253190250","TOMKOWO","92506"
"252220120","TONKIELE","93852"
"252199995","TOPOLA-BŁONIE"," 3508"
"253239992","TOPOLANY","92904"
"353180250","TORUŃ","  250"
"250180240","TOSZEK","95450"
"251170370","TRĄBINEK","94352"
"254180150","TRĄBKI WIELKIE","91409"
"252170370","TROJANOWO","93371"
"253160180","TRZCIANKA","92201"
"252149999","TRZCIŃSKO-ZDRÓJ"," 3001"
"254150020","TRZEBIATÓW","91101"
"252159997","TRZEBIECHÓW"," 3105"
"251149997","TRZEBIEL","94004"
"253140040","TRZEBIEŻ","92051"
"253149999","TRZEBIEŻ"," 2002"
"251170210","TRZEBNICA","94314"
"251170060","TRZEBOWA","94339"
"253149991","TRZECHEL","92025"
"252170090","TRZEMESZNO","93336"
"249200570","TRZEMEŚNIA","96663"
"252230020","TRZEŚCIANKA","93950"
"250190280","TRZYCIĄŻ","95529"
"252169999","TUCHOLA","93242"
"252169992","TUCHORZA STARA","93216"
"253170090","TUCHÓŁKA","92338"
"249210030","TUCHÓW","96738"
"251239996","TUCZNA","94919"
"252150010","TUCZNO","93143"
"253160150","TUCZNO","92207"
"253160220","TUCZNO TRZECIE","92258"
"252180240","TULISZKÓW","93404"
"250180090","TURAWA","95470"
"252180260","TUREK","93401"
"252160250","TUREW","93208"
"250170440","TURKÓW","95302"
"250220040","TUROBIN","95842"
"253210160","TUROŚL","92721"
"253210140","TUROWO","92722"
"253140120","TURZE","92011"
"251150280","TWARDOCICE","94116"
"250189995","TWORÓG","95457"
"250180420","TWORÓG MAŁY","95492"
"253169985","TYCHÓWKO","92232"
"250180490","TYCHY","95417"
"249229997","TYCZYN","96848"
"253220210","TYKOCIN","92810"
"249219986","TYLAWA","96710"
"249210260","TYLICZ","96703"
"249209974","TYMBARK","96640"
"250199983","TYNIEC","95502"
"253210350","TYSZKI-WĄDOŁOWO","92756"
"254179995","UGOSZCZ","91311"
"251230060","UHNIN","94952"
"251239999","UHNIN"," 4901"
"250199988","UJAZD","95509"
"251179994","UJAZD","94328"
"250180280","UJAZD ŚLĄSKI","95441"
"253169988","UJŚCIE","92202"
"254170080","ULISZKOWICE","91320"
"251180010","UNIEJÓW","94446"
"250169997","UNIEMYŚL","95235"
"251210020","UNIN KOLONIA","94735"
"253180190","UNISŁAW","92411"
"250160240","UNISŁAW ŚLĄSKI","95245"
"250160890","UNISŁAW ŚLĄSKI II","95287"
"250180360","URBANOWICE","95430"
"354160115","USTKA","  115"
"249189987","USTROŃ-CZANTORIA BARANOWA","96409"
"249189991","USTROŃ-RÓWNICA-SCHRONISKO","96411"
"249180180","USTROŃ-RÓWNICA-WIEŚ","96410"
"249209997","USZEW","96654"
"250209985","UŚCIE SOLNE","95608"
"253189999","UŚNICE","92450"
"253219997","WACH","92712"
"249190080","WADOWICE","96569"
"249199998","WADOWICE"," 6502"
"249209979","WAKSMUND","96616"
"249199970","WALASZKÓW","96554"
"252190160","WALEWICE","93506"
"250160270","WALIM","95244"
"250160160","WAŁBRZYCH","95255"
"250160210","WAŁBRZYCH II","95277"
"253169993","WAŁCZ","92209"
"353160225","WAŁCZ","  225"
"252190130","WAŁY","93511"
"253200130","WAŁY","92619"
"252180150","WANDOWO","93427"
"249189995","WAPIENICA","96415"
"253209994","WAPLEWO","92622"
"252140040","WARNICE","93020"
"253149997","WARNOWO","92032"
"352200556","WARSZAWA","  556"
"252219994","WARSZAWA KABATY","93711"
"252200240","WARSZAWA-BABICE"," 3612"
"252200150","WARSZAWA-BIELANY"," 3604"
"252200220","WARSZAWA-CZAJKA","93663"
"252210270","WARSZAWA-CZERNIAKOWSKA","93774"
"252200230","WARSZAWA-FILTRY"," 3611"
"252210150","WARSZAWA-KAWĘCZYN","93732"
"252210160","WARSZAWA-OBSERWATORIUM"," 3704"
"252210170","WARSZAWA-OBSERWATORIUM II"," 3708"
"352200375","WARSZAWA-OKĘCIE","  375"
"249180020","WARSZOWICE","96432"
"251180060","WARTA","94433"
"251180360","WARTA II","94454"
"249199966","WARTÓWKA","96585"
"253189993","WĄBRZEŹNO","92416"
"252210030","WĄSEWO","93762"
"250190080","WĄSOSZ","95583"
"251190170","WĄSOSZ GÓRNY","94503"
"254180050","WEJHEROWO","91429"
"250230030","WERBKOWICE"," 5901"
"252239997","WERCHLIŚ","93904"
"253239990","WEROBIE","92909"
"249220310","WETLINA","96802"
"251150170","WĘGLINIEC","94128"
"249200140","WĘGLÓWKA","96641"
"254210020","WĘGORZEWO","91709"
"250190450","WĘGRZCE"," 5507"
"250170060","WIĄZÓW","95345"
"254200110","WICHROWO","91601"
"251180130","WIDAWA","94422"
"253140140","WIDUCHOWA","92006"
"253160030","WIELANOWO","92231"
"253200140","WIELBARK","92618"
"253170180","WIELE","92315"
"252210240","WIELGOLAS","93703"
"252160230","WIELICHOWO"," 3206"
"250200310","WIELICZKA"," 5609"
"251200230","WIELKA WIEŚ","94607"
"250230140","WIELKIE OCZY","95901"
"249219984","WIELOPOLE SKRZYŃSKIE","96741"
"351180455","WIELUŃ","  455"
"251160120","WIERZA (WIEWIERZ)","94235"
"251219992","WIERZBICA","94711"
"253190140","WIERZBICA","92552"
"250179991","WIERZBIĘCICE","95319"
"252220010","WIERZBOWO","93839"
"252140050","WIERZCHLAS","93050"
"253189995","WIERZCHLAS","92424"
"251219993","WIERZCHOWISKA","94710"
"253160090","WIERZCHOWO"," 2202"
"253179988","WIERZCHUCIN KRÓLEWSKI","92318"
"254180020","WIERZCHUCINO","91436"
"249209985","WIERZCHY","96631"
"250180610","WIESZOWA","95494"
"253150090","WIEWIECKO","92123"
"252180050","WIĘCŁAWICE","93449"
"253229992","WIKTORZYN","92808"
"251190030","WILANÓW","94542"
"250210170","WILCZA WOLA","95724"
"251210030","WILGA","94734"
"254210060","WILKOWO","91751"
"252170230","WINNA GÓRA","93365"
"252200050","WINNICA","93641"
"251169999","WIŃSKO"," 4203"
"249180230","WISŁA"," 6404"
"249180040","WISŁA WIELKA","96428"
"249180250","WISŁA-GŁĘBCE","96407"
"249180540","WISŁA-JAWORNIK","96454"
"249180240","WISŁA-MALINKA","96408"
"249189988","WISŁA-PRZYSŁUP","96406"
"249189992","WISŁA-STOŻEK","96405"
"249210190","WISŁOCZEK","96752"
"249210270","WISŁOK WIELKI","96705"
"251230030","WISZNICE","94925"
"250209992","WIŚLICA","95621"
"252219987","WIŚNIEWO","93758"
"251170030","WITASZYCE"," 4301"
"252140080","WITNICA","93013"
"253150020","WITNO","92142"
"253179995","WITOSŁAW","92313"
"250170130","WITOSTOWICE","95334"
"249190630","WITÓW","96594"
"249199983","WITÓW"," 6520"
"253220190","WIZNA","92809"
"252180230","WŁADYSŁAWÓW","93407"
"251200220","WŁOCHÓW","94657"
"251209998","WŁOCHÓW"," 4604"
"251170310","WŁOCHY","94303"
"252199992","WŁOCŁAWEK","93530"
"351230497","WŁODAWA","  497"
"250209993","WODZISŁAW","95628"
"250189982","WODZISŁAW ŚLĄSKI","95402"
"250150020","WOJCIESZÓW","95136"
"249200520","WOJKOWA","96701"
"250190570","WOJKOWICE","95586"
"249200040","WOJNICZ","96655"
"250170420","WOJNOWICE","95305"
"250189979","WOJNOWICE","95408"
"250239992","WOJSŁAWICE","95931"
"250209980","WOLA BATORSKA","95602"
"251229992","WOLA CHOMEJOWA","94833"
"249219994","WOLA KOMBORSKA","96730"
"251170380","WOLA KSIĄŻĘCA"," 4351"
"250219980","WOLA MIELECKA","95721"
"251220050","WOLA OKRZEJSKA","94850"
"250219989","WOLA WADOWSKA","95720"
"250190240","WOLBROM","95536"
"253140010","WOLIN","92028"
"254189997","WOLNY DWÓR","91404"
"252169995","WOLSZTYN","93212"
"252210120","WOŁOMIN","93739"
"249220340","WOŁOSATE","96855"
"254229998","WOŁOWNIA-JELENIEWO","91852"
"251169994","WOŁÓW","94223"
"250199977","WOŹNIKI","95555"
"251200070","WÓLKA JAGIELCZYŃSKA","94631"
"252220180","WÓLKA KAMIENNA","93803"
"250239998","WÓLKA NIELISKA","95925"
"253209991","WROCIKOWO"," 2602"
"251179997","WROCŁAW-BISKUPIN","94304"
"251170280","WROCŁAW-OGRÓD BOTANICZNY","94305"
"251160260","WROCŁAW-STABŁOWICE","94213"
"251160340","WROCŁAW-STRACHOWICE","94255"
"351160424","WROCŁAW-STRACHOWICE","  424"
"252160070","WRONKI","93243"
"249200990","WRONOWICE","96670"
"252209988","WRÓBLEWO","93637"
"252170180","WRZEŚNIA","93320"
"252220110","WRZOSKI","93820"
"254149999","WRZOSOWO","91001"
"253170070","WYCZECHY","92363"
"253179997","WYCZECHY"," 2301"
"251160130","WYDAWY","94231"
"250200070","WYMYSŁÓW","95657"
"253170220","WYRZYSK","92309"
"252159992","WYSOKA","93137"
"253170190","WYSOKA","92312"
"249209984","WYSOKIE","96632"
"250220030","WYSOKIE"," 5801"
"249210230","WYSOWA"," 6707"
"250140010","WYSZKÓW","95131"
"252210080","WYSZKÓW","93751"
"251179992","WYSZOGRÓD","94350"
"249210220","WYSZOWADKA","96753"
"253219993","ZABIELE WIELKIE","92704"
"253230140","ZABŁUDÓW","92903"
"249189990","ZABORZE"," 6402"
"252230170","ZABUŻE","93905"
"249229996","ZADĄBROWIE"," 6801"
"251230160","ZAGRODA","94951"
"251150240","ZAGRODNO","94125"
"250220060","ZAKLIKÓW","95839"
"250220050","ZAKŁODZIE","95841"
"349190625","ZAKOPANE","  625"
"252200110","ZAKROCZYM","93632"
"250220020","ZAKRZÓWEK","95849"
"249209982","ZALESIE","96627"
"252170010","ZALESIE","93362"
"253179985","ZAMARTE","92339"
"252190180","ZAMBRZYCA","93552"
"252230250","ZAMOSZE","93955"
"250230150","ZAMOŚĆ","95950"
"350230595","ZAMOŚĆ","  595"
"252170250","ZANIEMYŚL","93309"
"253170060","ZAPĘDOWO","92345"
"253210260","ZARUZIE","92751"
"249229998","ZARZECZE","96846"
"250239986","ZARZECZE","95918"
"251149999","ZASIEKI","94012"
"252210070","ZATORY","93752"
"250210240","ZAWADA"," 5751"
"253220220","ZAWADY","92807"
"250180170","ZAWADZKIE","95463"
"250219998","ZAWICHOST","95748"
"250199996","ZAWIERCIE","95549"
"253219998","ZAWODZIE"," 2703"
"249190350","ZAWOJA"," 6513"
"249199988","ZAWOJA I","96538"
"249199976","ZAWOJA II","96535"
"249199965","ZAWOJA-PRZYSŁUP","96588"
"250190250","ZĄBKOWICE"," 5505"
"250190550","ZĄBKOWICE","95584"
"250169992","ZĄBKOWICE ŚLĄSKIE","95231"
"252150190","ZBĄSZYŃ","93112"
"253190180","ZBICZNO","92515"
"251180020","ZBIERSK","94444"
"249210130","ZBOISKA","96755"
"250189974","ZBROSŁAWICE","95446"
"249199964","ZBYDNIOWICE","96589"
"249209987","ZBYSZYCE"," 6606"
"250219977","ZDANÓW","95744"
"251189995","ZDUŃSKA WOLA","94427"
"251199984","ZELÓW","94520"
"250199978","ZENDEK","95548"
"252160130","ZĘBOWO","93236"
"251209985","ZGLINNA DUŻA","94637"
"251150250","ZGORZELEC"," 4106"
"351150405","ZGORZELEC","  405"
"250160530","ZIELENIEC","95213"
"250170280","ZIELINA","95321"
"250180210","ZIELONA","95458"
"351150400","ZIELONA GÓRA","  400"
"252200160","ZIELONKI","93619"
"250170160","ZIĘBICE","95333"
"251180140","ZŁOCZEW","94421"
"252160120","ZŁOTNIKI","93237"
"251150390","ZŁOTNIKI LUBAŃSKIE","94167"
"251150270","ZŁOTORYJA","94121"
"250190090","ZŁOTY POTOK","95564"
"250160440","ZŁOTY STOK","95221"
"249190760","ZUBRZYCA DOLNA","96596"
"249190490","ZUBRZYCA GÓRNA","96518"
"254190170","ZWIERZNO","91504"
"250220110","ZWIERZYNIEC","95832"
"250229998","ZWOLAKI","95825"
"251210130","ZWOLEŃ","94717"
"250180450","ZWONOWICE","95419"
"251169995","ZYBISZÓW"," 4206"
"251160370","ŹRÓDŁA","94256"
"254220020","ŻABIN","91819"
"249190420","ŻABNICA","96520"
"252190040","ŻABOWO","93537"
"251150110","ŻAGAŃ","94144"
"253170250","ŻALNO","92366"
"252220130","ŻANECIN","93816"
"250190140","ŻARKI","95559"
"249210040","ŻARNOWA","96758"
"249219996","ŻARNOWA"," 6701"
"251199989","ŻARNOWICA","94521"
"354180131","ŻARNOWIEC","  131"
"254170010","ŻELAZNO","91344"
"252150170","ŻELECHÓW","93115"
"253140090","ŻELEWO","92016"
"254180040","ŻELISTRZEWO","91451"
"252170290","ŻERKÓW","93304"
"251160160","ŻMIGRÓD","94227", 51.470303, 16.901031
"251230180","ŻMUDŹ","94901"
"252170040","ŻNIN","93354"
"250180560","ŻORY","95407"
"250170010","ŻÓRAWINA","95356"
"249220240","ŻUBRACZE","96854"
"249229989","ŻUBRACZE"," 6851"
"252220090","ŻUROBICE","93853"
"253190270","ŻUROMIN","92504"
"252190120","ŻYCHLIN","93514"
"254220010","ŻYTKIEJMY","91820"
"249199975","ŻYWIEC","96597"
"249199992","ŻYWIEC"," 6509"
